Species,Nivel,Total,Floating%,Decanted%,Floating,Decanted
Mugil spp.,P.C.,75,56,44,42,33
Mugil spp.,P.C.,93,55.9,44.1,52,41
Mugil spp.,P.C.,98,72.4,27.6,71,27
Mugil spp.,P.C.,90,60,40,54,36
Ucides cordatus,P.C.,93,43,57,40,53
Panulirus laevicauda,S.C.,154,62.4,37.6,96,58
Panulirus laevicauda,S.C.,116,60.3,39.7,70,46
Octopus spp.,S.C.,126,69,31,87,39
Octopus spp.,S.C.,128,57,43,73,55
Octopus spp.,S.C.,125,65.6,34.4,82,43
Centropomus ssp.,S.C.,86,68.1,31.9,58,28
Centropomus ssp.,S.C.,96,62.5,37.5,60,36
Caranx crysos,S.C.,155,59.4,40.6,92,63
Caranx crysos,S.C.,177,54.8,45.2,97,80
Caranx crysos,S.C.,216,55.6,44.4,120,96
Caranx crysos,S.C.,172,61,39,105,67
Caranx crysos,S.C.,212,53.8,46.2,114,98
Caranx crysos,S.C.,209,75.1,24.9,157,52
Caranx crysos,S.C.,187,71.7,28.3,134,53
Caranx crysos,S.C.,134,67.2,32.8,90,44
Caranx crysos,S.C.,215,58.1,41.9,125,90
Caranx hippos,S.C.,153,73.2,26.8,112,41
Scomberomorus brasiliensis,T.C.,133,70.6,29.4,94,39
Scomberomorus brasiliensis,T.C.,175,64,36,112,63
Carcharhinus spp.,T.C.,203,68.5,31.5,139,64